epoch,accuracy,learning_rate,loss,val_accuracy,val_loss
0,0.5350966453552246,9.999999747378752e-05,1.102089762687683,0.6214421391487122,1.176154613494873
