epoch,accuracy,learning_rate,loss,val_accuracy,val_loss
0,0.525941014289856,9.999999747378752e-05,1.1200275421142578,0.3026565611362457,1.3183848857879639
